step	bar
0	9.098522771749195
1	8.84234164578864
2	7.515324121673848
3	6.828380058943335
4	5.038828449290694
5	4.410942573902225
6	3.9176931091164766
7	2.608787169284666
8	1.8856894079885134
9	0.9064225893966853
