step	bar
0	9.65321387105454
1	8.678594593354134
2	7.60142385411954
3	6.939933528968661
4	5.708981296121439
5	4.121932550478552
6	3.178105501795561
7	2.2858367528626244
8	1.8690799451666056
9	0.4002672265077436
