step	bar
0	9.365275819842365
1	8.941416594200577
2	7.0035611366113315
3	6.888779560958654
4	5.586466709734799
5	4.667579839432344
6	3.0610780064308036
7	2.9136890111309004
8	1.3335237843709162
9	0.46954738621282033
