step	bar
0	9.885636739157555
1	8.154366852664987
2	7.215338874612656
3	6.082709588507834
4	5.081965483365993
5	4.661867155383321
6	3.7042898963764888
7	2.3922842823024393
8	1.6366710097036261
9	0.40750211913126755
