step	bar
0	9.699021208734239
1	8.215627432399083
2	7.618178782633785
3	6.096071225890418
4	5.370411086247414
5	4.663298940595225
6	3.40439184856113
7	2.596147629764399
8	1.713961416486164
9	0.8399362263199706
