step	bar
0	9.664434984252631
1	8.251758899381292
2	7.2631492057315
3	6.585539116447528
4	5.191639722983355
5	4.782260044725902
6	3.7140558898911618
7	2.2771862758578063
8	1.843897641339895
9	0.7904459083752702
