step	bar
0	9.215094242764161
1	8.474390039332752
2	7.491564296426309
3	6.23942560645462
4	5.692710415511582
5	4.797729301506755
6	3.6323453946206063
7	2.982054280424615
8	1.5410587438811163
9	0.3360531377503939
