step	bar
0	9.871465914550726
1	8.511453718087543
2	7.515620084504253
3	6.592187787146539
4	5.474055765928026
5	4.440957273651022
6	3.635143165395407
7	2.7792466732106798
8	1.8505477645932036
9	0.21550993069125823
