step	bar
0	9.350814251749208
1	8.720898124362922
2	7.549853175531841
3	6.629926541578006
4	5.9699224264488135
5	4.298082802625737
6	3.4869376323840786
7	2.154999635464942
8	1.6867965413490627
9	0.5179127130003884
