step	bar
0	9.399318245697632
1	8.715855130485313
2	7.378631030600449
3	6.577755103209114
4	5.420277918992154
5	4.803416549062873
6	3.205053672044955
7	2.9338466651997317
8	1.4137614234431286
9	0.322998360999458
