step	bar
0	9.831174330662218
1	8.250130383820641
2	7.46625721094337
3	6.889832015461936
4	5.951689429784724
5	4.256737060821973
6	3.420355335624558
7	2.5854386474736257
8	1.2339186682169352
9	0.5947149415132351
