step	bar
0	9.084030170720329
1	8.043004516935989
2	7.183442122207221
3	6.738646702993637
4	5.105301161660956
5	4.229326525379635
6	3.6316052273365615
7	2.262690537340009
8	1.9029440338336183
9	0.7812306512490625
