step	bar
0	9.89346920876101
1	8.837988754299898
2	7.695255792623501
3	6.321849030099479
4	5.806909979270309
5	4.668345185567977
6	3.7621121255017673
7	2.140962920746965
8	1.5548953921525435
9	0.6110710443838929
