step	bar
0	9.706011375955457
1	8.501116090787853
2	7.739596957921293
3	6.927830807669246
4	5.593681214017539
5	4.788254398736271
6	3.1479519243400613
7	2.012794106149207
8	1.2391320584702754
9	0.9725675503445448
