step	bar
0	9.894236036879187
1	8.96877718974704
2	7.844680302414047
3	6.483223207977542
4	5.694853837886292
5	4.06614203866344
6	3.8523372410550625
7	2.1288608031474574
8	1.6878276628132234
9	0.5878666235220376
