step	bar
0	9.026603143874791
1	8.454313755232663
2	7.6519453284822925
3	6.9473542120201035
4	5.956540094240795
5	4.0948332215513386
6	3.2683025715883254
7	2.8964968472644834
8	1.7318955998469256
9	0.33687218450869416
