step	bar
0	9.677274077622739
1	8.895192367284428
2	7.961284072967656
3	6.3401270002269765
4	5.099857170284492
5	4.3458661965994585
6	3.9024922876801584
7	2.3836293965326796
8	1.9178390317180938
9	0.9878503344598446
