step	bar
0	9.180834423510719
1	8.714800781475304
2	7.943622305745851
3	6.5039526685336035
4	5.029101307911157
5	4.227382747707809
6	3.1361949167319114
7	2.5105773562738483
8	1.520386666056016
9	0.4352585418353545
