step	bar
0	9.020145688008732
1	8.940182015889928
2	7.312958443921588
3	6.2919501245478
4	5.376991757005968
5	4.160403109196221
6	3.061090907443244
7	2.3849975309859293
8	1.2164988886701504
9	0.7343096520523069
