step	bar
0	9.474824380984048
1	8.682580557752475
2	7.581423520322712
3	6.86569682699554
4	5.855798963122152
5	4.494227564777974
6	3.801887060040835
7	2.4798157342550375
8	1.5475570156520604
9	0.21490220566313312
