step	bar
0	9.548566360951929
1	8.06183840910646
2	7.7910102927985845
3	6.5934619983377125
4	5.868039624054239
5	4.783501464610916
6	3.3057665242268106
7	2.499670484456402
8	1.879582681603404
9	0.020213955754739388
