step	bar
0	9.116323291366276
1	8.168838498048892
2	7.745291047778956
