step	bar
0	9.543986677091446
1	8.07105889780756
2	7.36586751266459
3	6.942015033668051
4	5.087683186722375
5	4.511885466624459
6	3.704440271877451
7	2.5028271555099373
8	1.7519002378209478
9	0.6279909652844093
