step	bar
0	9.385649367312508
1	8.169811920817873
2	7.405775405707175
3	6.301086593856845
4	5.184477695482379
5	4.538251672648365
6	3.3165284921599962
7	2.5581139480219797
8	1.256863460013255
9	0.3627854920093423
