step	bar
0	9.373631290162695
1	8.988109650516636
2	7.353475282831271
3	6.695937528473545
4	5.891080529757469
5	4.0166957177081075
6	3.2319718141246367
7	2.0820930040587333
8	1.5353196479462703
9	0.3908111097082809
