step	bar
0	9.666361404391878
1	8.664742946438604
2	7.3267972550380165
3	6.602216398313098
4	5.7434112142104095
5	4.8264419839054655
6	3.6956601356869045
7	2.452647764896774
8	1.191209067718912
9	0.09123014977608435
