step	bar
0	9.370299372410074
1	8.058343424840112
2	7.598392710987682
3	6.97112462100587
4	5.250433743345513
5	4.8147205202090655
6	3.1101215218975575
7	2.6598144579787766
8	1.348644871619971
9	0.14941267602682906
