step	bar
0	9.523519834058279
1	8.167913113172354
2	7.50878810077095
3	6.212904107223904
4	5.618753580109996
5	4.417141376759395
6	3.6597571077063957
7	2.617579604272967
8	1.2491439818837176
9	0.23794749969335527
