step	bar
0	9.12925609898235
1	8.178419091680132
2	7.410812991599533
3	6.246170243190104
4	5.571660543247603
5	4.35923117662587
6	3.868592861528059
7	2.2116233710872617
8	1.0055750647473083
9	0.9728451881251896
