step	bar
0	9.58506037430965
1	8.553115142769578
2	7.273508302714123
3	6.796704400326329
4	5.504200605193208
5	4.176409729181909
6	3.219043760148412
7	2.356165915328085
8	1.2393783593043377
9	0.28937407499803136
