step	bar
0	9.602643045018997
1	8.839134158785523
2	7.320483462153161
3	6.902260729201325
4	5.396883836118776
5	4.219860064538131
6	3.1213071459902357
7	2.2577952483420134
8	1.5184828681241882
9	0.5197891548302636
