step	bar
0	9.307821016768717
1	8.756313832563798
2	7.894354139728516
3	6.315742854544197
4	5.238426338822176
5	4.626826273844194
6	3.0065475283682046
7	2.861178528914861
8	1.643895343862095
9	0.41326277690960467
