step	bar
0	9.20369185283575
1	8.402062238863916
2	7.045511015786973
3	6.266483551645825
4	5.47534859472087
5	4.427715658515511
6	3.7247880418698296
7	2.1898307976003952
8	1.3414464419347158
9	0.9585946506993501
