step	bar
0	9.883130545667463
1	8.463625894481119
2	7.434263332661921
3	6.532645813923306
4	5.2989303516473845
5	4.075217668724715
6	3.958853170204141
7	2.045610132120646
8	1.6861106196786828
9	0.27579714042663284
