step	bar
0	9.207573472657476
1	8.593015234430265
2	7.703584033059389
3	6.3677721276325565
4	5.945129296354287
5	4.2545988056812085
6	3.1519322334093447
7	2.533496093889143
8	1.0256041938330132
9	0.2973685325327615
