step	bar
0	9.265134869122681
1	8.700198446371944
2	7.562684108264332
3	6.5536664294730755
4	5.548527746403178
5	4.950954153289881
6	3.2568346781472437
7	2.9493063030436346
8	1.1162508292510314
9	0.4302831311418256
