step	bar
0	9.488905725450456
1	8.297330153639527
2	7.839471496735555
3	6.6725162092470685
4	5.927006662081049
5	4.596609193385472
6	3.7952278495749843
7	2.6282765584002714
8	1.8946803406458628
9	0.6939572760613029
