step	bar
0	9.349807047468941
1	8.51601351633164
2	7.69538856450569
3	6.763793184733686
4	5.015149671020483
5	4.237023146523974
6	3.6013316462600065
7	2.854665509060559
8	1.0388299738633524
9	0.14223982453991013
