step	bar
0	9.77127075955383
1	8.065437215042621
2	7.4605261549904345
3	6.665718350340082
4	5.685587728438588
5	4.1866216735171395
6	3.2893621625014093
7	2.482191574019641
8	1.707601692110698
9	0.7508366116535861
