step	bar
0	9.532450247995468
1	8.314329709374647
2	7.3351201719545855
3	6.626127521647033
4	5.618538253502059
5	4.891772002529612
6	3.208446329790606
7	2.332705902795471
8	1.4906857255127939
9	0.4675346348782181
