step	bar
0	9.313883374179238
1	8.507000838191365
2	7.832476826185701
3	6.105180653773334
4	5.75805390801499
5	4.309606429850111
6	3.161948508889565
7	2.0615229336029692
8	1.6227430200190316
9	0.24732216839811372
