step	bar
0	9.98316239930631
1	8.770991984335252
2	7.935051903284254
3	6.2032321037103575
4	5.922959414872327
5	4.52234350861412
6	3.2103839273303034
7	2.8896108578215554
8	1.553458147016764
9	0.5664184239130492
