step	bar
0	9.807129023727597
1	8.21525486579261
2	7.211795357616456
3	6.048419324588242
4	5.273789295972419
5	4.863433116263211
6	3.0282499296080285
7	2.253449249719985
8	1.7423480716674522
9	0.407208948477793
