step	bar
0	9.610483728500725
1	8.627768419415544
2	7.794010976186849
3	6.63837317862069
4	5.36493379570361
5	4.835680759340532
6	3.204261964870696
7	2.854247477377273
8	1.8369748795534981
9	0.2615562166711456
