step	bar
0	9.837857487033348
1	8.153803916819538
2	7.203788907601989
3	6.88421321447546
4	5.410663714695688
5	4.711642455906294
6	3.9200701171879198
7	2.5698206601268376
8	1.982078331218366
9	0.15727071193498254
