step	bar
0	9.103770352077285
1	8.97994081574721
2	7.18088338061472
3	6.758653023319645
4	5.691730378797034
5	4.620320922955071
6	3.0876563562261126
7	2.999689020437443
8	1.655501322524012
9	0.9793850791858851
