step	bar
0	9.830719490803185
1	8.960866829544278
2	7.76947738936912
3	6.954180102198651
4	5.2302895665017255
5	4.775930792447492
6	3.6571727430573358
7	2.3062217423611093
8	1.4385370245889941
9	0.9457833873313586
