step	bar
0	2.001384884153034
1	1.2119266019414148
2	0.5193244246750757
