step	bar
0	9.4192471357634
1	8.437274319287326
2	7.095738502609974
3	6.032760390902916
4	5.424229498950613
5	4.711049286686812
6	3.936770227188755
7	2.5346622804162457
8	1.4514254984072732
9	0.4853082640777675
