step	bar
0	9.574433277923262
1	8.564033137880893
2	7.738106715545559
3	6.423459232011744
4	5.36069044667426
5	4.2213743138352084
6	3.1856697554497657
7	2.3841200242223515
8	1.8759359942607912
9	0.9436654462256282
