step	bar
0	9.367671927940062
1	8.071770641213513
2	7.546678024522533
3	6.079537588655743
4	5.6800340709428445
5	4.355907612664563
6	3.429665266138957
7	2.867951136271415
8	1.8032046862381552
9	0.4340937073152755
