step	bar
0	9.791046138574904
1	8.955313554426143
2	7.104813611667954
3	6.075047464534693
4	5.04556184469987
5	4.457634065211198
6	3.9185860855942876
7	2.126361137229175
8	1.9732618366454275
9	0.7284280586777214
