step	bar
<<<<<<< HEAD
0	9.807129023727597
1	8.21525486579261
2	7.211795357616456
3	6.048419324588242
4	5.273789295972419
5	4.863433116263211
6	3.0282499296080285
7	2.253449249719985
8	1.7423480716674522
9	0.407208948477793
=======
0	9.677274077622739
1	8.895192367284428
2	7.961284072967656
3	6.3401270002269765
4	5.099857170284492
5	4.3458661965994585
6	3.9024922876801584
7	2.3836293965326796
8	1.9178390317180938
9	0.9878503344598446
>>>>>>> e105a6d7ee75647af03dccae1cc4f044337a4f99
