step	bar
0	9.830509790700592
1	8.955579248127394
2	7.39847993042197
3	6.940822866000211
4	5.7958376497459865
5	4.34895622735256
6	3.245748499409454
7	2.1671590309105184
8	1.999648847426064
9	0.6716462516225761
