step	bar
0	9.24751508009466
1	8.591935259508315
2	7.493028220616193
3	6.974792409086027
4	5.18600597008125
5	4.985714415835346
6	3.2135556730967005
7	2.96270633655518
8	1.7264602921168084
9	0.0668310704896502
