step	bar
0	9.591119223981591
1	8.710814294422166
2	7.61187382132988
3	6.259653188379753
4	5.974838265815419
5	4.764001372815513
6	3.527563769766691
7	2.368831466860784
8	1.7981829044704813
9	0.6328336254295195
