step	foo
0	0.20056866085834502
1	1.8533568932077271
2	2.9973625205908285
3	3.979331417770162
4	4.612006496024698
5	5.45475189770995
6	6.100457383646962
7	7.31447652820373
8	8.317503519651064
9	9.190438049223296
