step	foo
0	0.49869485065545116
1	1.7388580200042976
2	2.823397976553761
3	3.1577963926498565
4	4.050671722687005
5	5.62443534438437
6	6.010235345807395
7	7.897519095480057
8	8.986123701712085
9	9.841415539788267
