step	foo
0	0.374474468074637
1	1.6077111372284114
2	2.9900986484516716
3	3.930351219138844
4	4.448393000359528
5	5.266334098268537
6	6.634693433400806
7	7.649011002212538
8	8.054032538226965
9	9.015034823231572
