step	foo
0	0.34933295563892286
1	1.8181480054196109
2	2.1258904488437724
3	3.3729268613016457
4	4.032118670247942
5	5.364437369635008
6	6.833548967399801
7	7.804972480347224
8	8.668380621080011
9	9.309942557786602
