step	foo
0	0.8031959780828191
1	1.3240423213476964
2	2.663638129192736
3	3.1518795676092632
4	4.19821189496838
5	5.971395052848041
6	6.16850989822018
7	7.405928244836382
8	8.760937969867415
9	9.96715814629272
