step	foo
0	0.28733381469314945
1	1.1818952900960649
2	2.214815206280322
3	3.9914497048517106
4	4.447512547440674
5	5.66682776284074
6	6.1666096373664665
7	7.956163919208998
8	8.454676352534234
9	9.173514478420595
