step	foo
0	0.2003450732522264
1	1.6015501593123136
2	2.607291141573281
3	3.399355412804889
4	4.350173871450195
5	5.406424799472276
6	6.16817368671436
7	7.196935942856146
8	8.933929287354559
9	9.33892679539006
