step	foo
0	0.9249436448980567
1	1.0001458738396143
2	2.2066123877539514
3	3.9528412338362315
4	4.597051678571148
5	5.277138033140739
6	6.083031286038336
7	7.351892291162862
8	8.26868026101794
9	9.719927345325086
