step	foo
0	0.8869671737784424
1	1.4882552532524254
2	2.109251710281677
3	3.4819423942142613
4	4.70579631307417
5	5.6835488754203265
6	6.249354023137217
7	7.9691754540597355
8	8.013524334617557
9	9.8917820450198
