step	foo
0	0.17501303405069646
1	1.8199017066493992
2	2.708750761719417
3	3.5247679633200586
4	4.658470861097179
5	5.899801652696954
6	6.051912972311163
7	7.169467473993059
8	8.420448519635503
9	9.959584494468436
