step	foo
0	0.45821140857126297
1	1.6678695427669998
2	2.3539849081887008
3	3.646653448477306
4	4.458933221110837
5	5.464010389061444
6	6.943436110256131
7	7.03110780179535
8	8.86981178305021
9	9.636902145951263
