step	foo
0	0.9370674589717285
1	1.7809712002758926
2	2.23619596514488
3	3.050049821117605
4	4.398292676519608
5	5.651123602005551
6	6.497665088016942
7	7.955915309036167
8	8.451129198325459
9	9.296141243073901
