step	foo
0	0.6252274636531093
1	1.1982089812931078
2	2.258568826850409
3	3.0964303165983256
4	4.286353966605797
5	5.7355303457094395
6	6.0215256624792195
7	7.816207694340711
8	8.608650138395301
9	9.020558512169531
