step	foo
0	0.18128309419780098
1	1.0824868533849046
2	2.512001143845727
3	3.8358295982986816
4	4.622262386319531
5	5.59581529563078
6	6.81254448793576
7	7.290100576688404
8	8.390933428968474
9	9.327379706029554
