step	foo
0	0.4646290770072694
1	1.5717518251190077
2	2.17023641344648
3	3.586021213414193
4	4.0132392086652615
5	5.702366943195557
6	6.113685971840651
7	7.523043520228363
8	8.356230723391194
9	9.001866032795826
