step	foo
0	0.038417840792878244
1	1.4154488550876558
2	2.8640673413084827
3	3.0108610918107654
4	4.0189533887353965
5	5.868576998534383
6	6.102237610752841
7	7.0551598600814
8	8.847696279548236
9	9.027559262814263
