step	foo
0	0.39935937273331656
1	1.8407593266167432
2	2.7978667994012536
3	3.9851029582821256
4	4.96054100979346
5	5.717800755157255
6	6.706821591590789
7	7.271925731154451
8	8.134171480085236
9	9.572867600890548
