step	foo
0	0.9131760910265733
1	1.8980608994371224
2	2.0911537861410174
3	3.074417775179394
4	4.4782714713077905
5	5.304343051497184
6	6.178576544230237
7	7.055909256406842
8	8.344822848837504
9	9.817099864323284
