step	foo
0	0.10987314254361669
1	1.9938897544588987
2	2.478797504251874
3	3.514403223927148
4	4.300009266090835
5	5.254045295561596
6	6.070684529275465
7	7.382685590792994
8	8.267934948716492
9	9.275273579796222
