step	foo
0	0.49124366691182264
1	1.418680676476242
2	2.656691077635226
3	3.603409862710146
4	4.355161385767675
5	5.43806322516971
6	6.508697701565687
7	7.077279627139239
8	8.201202410731053
9	9.516347980048975
