step	foo
0	0.8927756912640844
1	1.1315413384668374
2	2.2897561893328797
3	3.2709546599273267
4	4.211545526038811
5	5.0402784824673175
6	6.1188350443421555
7	7.848169311350153
8	8.777059813540895
9	9.701841435649664
