step	foo
0	0.4494674093527188
1	1.1588326557863002
2	2.0288390572627497
3	3.5389140667711803
4	4.054028380390774
5	5.943609586421384
6	6.1198808988505515
7	7.141294360234315
8	8.645641925907933
9	9.447516552335841
