step	foo
0	0.4186226909736056
1	1.5727807793426631
2	2.166744337508087
3	3.758293899601957
4	4.556333428113653
5	5.043036719771101
6	6.251339971151845
7	7.718225769652218
8	8.169949920101782
9	9.243628367454235
