step	foo
0	0.18843904373387
1	1.023128274280077
2	2.5735234562034845
3	3.9211501077190034
4	4.078760557302504
5	5.726462709262694
6	6.394864606244699
7	7.465542352407814
8	8.483568443184934
9	9.617738635044956
