step	foo
0	0.0015239511582026966
1	1.2918833280455
2	2.6729658473057483
3	3.279270506168726
4	4.178722232637925
5	5.377579641112745
6	6.384561541796734
7	7.7717628035912885
8	8.591829220521449
9	9.989422873358816
