step	foo
0	0.3861748362726938
1	1.4970118251368851
2	2.9464059642781195
3	3.6411491500662985
4	4.674077173628507
5	5.648690046816287
6	6.2367713920300085
7	7.466242444172423
8	8.69620444935178
9	9.843644193587702
