step	foo
0	0.878691564554474
1	1.740909229569748
2	2.630977120321268
3	3.4765268974299004
4	4.020432124861712
5	5.0919226922336795
6	6.229354262080827
7	7.072665279211755
8	8.039117223151425
9	9.797754910508987
