step	foo
0	0.4196096391712485
1	1.6728855174559887
2	2.8167812257595273
3	3.9699917642526947
4	4.248841291830476
5	5.200469362672186
6	6.146418384299499
7	7.339177364001984
8	8.11795110956022
9	9.88498280151867
