step	foo
0	0.26925198397400885
1	1.0050441443922007
2	2.5710293479857977
3	3.1963582866078575
4	4.4644044440419375
5	5.670386605411843
6	6.671094473308461
7	7.439373877825112
8	8.811867203680922
9	9.825541492240179
