step	foo
0	0.21126478241423152
1	1.1662816135520946
2	2.160757367238591
3	3.190819315266364
4	4.576628197311706
5	5.86683303349743
6	6.323526256588998
7	7.216870251035354
8	8.822560115861604
9	9.287955924015925
