step	foo
0	0.011302103563241572
1	1.7332214886761892
2	2.9601015750562056
3	3.091322281973939
4	4.248013036581996
5	5.667289730623553
6	6.416529144392156
7	7.127926641641078
8	8.589811564858604
9	9.401760232767545
