step	foo
0	0.5740968036588471
1	1.480794643753815
2	2.182659591083093
3	3.314802702441445
4	4.692132533497374
5	5.239347481072016
6	6.167786149627779
7	7.7913237460907
8	8.763080128456956
9	9.471631007628979
