step	foo
0	0.3088536462767064
1	1.3250526904860285
2	2.1658760631553187
3	3.866318569519484
4	4.4003694961247835
5	5.738915009305729
6	6.200025095124354
7	7.55016529939575
8	8.871326667440893
9	9.672192932424194
