step	foo
0	0.725380427733052
1	1.015602749475561
2	2.5340445380334073
3	3.0993724201142254
4	4.55336601363301
5	5.945062713778093
6	6.5186801454353365
7	7.958623158619738
8	8.460785852150936
9	9.36957663093543
