step	foo
0	0.32402210764547856
1	1.312834703979985
2	2.0368838522541775
3	3.5523450628256787
4	4.265832812881613
5	5.115572009352574
6	6.018823637833786
7	7.55001602877322
8	8.518055390524845
9	9.584848092352757
