step	foo
0	0.973501892556678
1	1.5233107164457356
2	2.508971887854361
3	3.3109285752155904
4	4.38523440857273
5	5.911668167243049
6	6.0004744164622945
7	7.09706890289547
8	8.550888694713455
9	9.518514163683522
