step	foo
0	0.7417144149676052
1	1.260696161266378
2	2.923615620645569
3	3.5961777281645535
4	4.499041266477798
5	5.529646956205262
6	6.615775087886354
7	7.909867992811546
8	8.571112780913063
9	9.47366640007054
