step	foo
0	0.7674482892041076
1	1.2526680199680509
2	2.30053646883332
3	3.9304766350235605
4	4.650581685962377
5	5.572115215715413
6	6.466613624831099
7	7.079606514822635
8	8.787257465905348
9	9.513443109789732
