step	foo
0	0.2143912017534586
1	1.1772156834818794
2	2.6677718585666237
3	3.3294897681350926
4	4.150265730740836
5	5.744066387681145
6	6.471690468386687
7	7.883958177948505
8	8.268963127784694
9	9.037784933093631
