step	foo
0	0.18786046104644338
1	1.5988187632374165
2	2.6710945133206048
3	3.3295256784264677
4	4.911788046683919
5	5.700851820886782
6	6.190272339769352
7	7.970017431002267
8	8.531687516922165
9	9.326869213211964
