step	foo
0	0.7167449062381146
1	1.32720054166137
2	2.6305338913358445
3	3.2231069740578775
4	4.780758537660228
5	5.793820255815912
6	6.233793598503539
7	7.195359630285933
8	8.890122124833683
9	9.202696883614447
