step	foo
0	0.4589099921072304
1	1.0569288688840315
2	2.565264953048672
3	3.9910618334411563
4	4.009811602162612
5	5.539718480067252
6	6.002191155643479
7	7.51236331511304
8	8.006352107221783
9	9.560871422791877
