step	foo
0	0.7242816691524457
1	1.240840808440928
2	2.9984810538631126
3	3.554703196434649
4	4.1736287985655505
5	5.642960800668702
6	6.76026425641593
7	7.708727536602189
8	8.156525347164436
9	9.614896066850063
