step	foo
0	0.5496533877167482
1	1.2294480754923476
2	2.2744332568444774
