step	foo
0	0.9274772735697634
1	1.119347287166099
2	2.756007470301612
3	3.812751531174759
4	4.664329790322996
5	5.362109592682324
6	6.1599097085854755
7	7.6301398775001665
8	8.622477924136199
9	9.111867839368877
