step	foo
0	0.0025616758685437224
1	1.3992402856258819
2	2.0693727121471377
3	3.9507604021960163
4	4.647243420193387
5	5.834373585158279
6	6.617653051604662
7	7.31924452423057
8	8.95170009814084
9	9.839202553056618
