step	foo
0	0.3836042709786547
1	1.718729084239453
2	2.145465113175969
3	3.8113736213662306
4	4.711338402201107
5	5.7037686457429455
6	6.297375399871517
7	7.433076276896668
8	8.98223265576719
9	9.648916866785362
