step	foo
0	0.9908642725453586
1	1.5556306021269588
2	2.7727708572844425
3	3.5631980649782324
4	4.437933763916805
5	5.216032807196625
6	6.375281914296372
7	7.272981498422264
8	8.746288955772357
9	9.333188024516305
