step	foo
0	0.9619495768720067
1	1.632485418617004
2	2.011169631248993
3	3.7057770749853325
4	4.122992097090312
5	5.56413144359937
6	6.724032303975724
7	7.723470320809579
8	8.995924171939551
9	9.913547962782562
