step	foo
0	0.6922794730141201
1	1.7067969709167239
2	2.5358465479962757
3	3.449744026492927
4	4.807179189737005
5	5.48003125297591
6	6.940846302594707
7	7.7860933205194645
8	8.753841186992407
9	9.955551817046878
