step	foo
0	0.8732949592954519
1	1.1634493512109054
2	2.886322284205752
3	3.164269668825526
4	4.190269124362439
5	5.238537153970418
6	6.592405118662456
7	7.6763386732994485
8	8.334461919343344
9	9.142206082299612
