step	foo
0	0.14162213004512791
1	1.5004031102268145
2	2.5198664543088864
