step	foo
0	0.29147706354101344
1	1.9957272881027421
2	2.670718409058608
3	3.4707130379480295
4	4.404505466591901
5	5.624830336449108
6	6.89114393456462
7	7.20602809597561
8	8.168223041376098
9	9.566134358138711
