step	foo
0	0.3725403415932479
1	1.0617131984928223
2	2.0863554845788777
3	3.1307513774164257
4	4.989757802649713
5	5.347001876404361
6	6.012347776353074
7	7.141103405701898
8	8.840529985378746
9	9.285192452956577
