step	foo
0	0.18017515786134375
1	1.9588924535200967
2	2.727975208959646
3	3.162142784513625
4	4.056559651411664
5	5.8027470680137
6	6.138304745816109
7	7.574682250906999
8	8.818575930189681
9	9.200673318540998
