step	bar
0	9.134942915899302
1	8.997438196954523
2	7.564013843219455
3	6.064360048407148
4	5.758059757670565
5	4.307563585627565
6	3.8700748115534855
7	2.7986557801446015
8	1.0447471998793354
9	0.31357786606454496
