step	bar
0	9.053930202740377
1	8.402509113491064
2	7.162851574979907
3	6.057478630528314
4	5.824677100951688
5	4.138535958844899
6	3.941849069274453
7	2.24769731103099
8	1.3381257699586193
9	0.03846290282131015
