step	bar
0	9.768191840376884
1	8.767817452427932
2	7.781010770366052
3	6.8781976216511085
4	5.537640698812979
5	4.2386854512614995
6	3.741677700430748
7	2.6387241501561425
8	1.8027905422717456
9	0.4272798580346002
