step	bar
0	9.94172331921657
1	8.173267000110965
2	7.799089780760902
3	6.430177207119165
4	5.5357789725084094
5	4.358258450683741
6	3.316227978809314
7	2.8062010744556325
8	1.026425218199405
9	0.5713214630059227
