step	bar
0	9.712817049412381
1	8.06764020359864
2	7.047077434815567
3	6.8211326051618695
4	5.3610458351689125
5	4.221487863740501
6	3.017939580119501
7	2.2995348330994156
8	1.0860206723400108
9	0.5392483304046642
