step	bar
0	9.951810210477918
1	8.979379005406805
2	7.494490430908835
3	6.346627198075665
4	5.195853070732093
5	4.486860431581917
6	3.182496729362393
7	2.234025134937861
8	1.8669103544633998
9	0.8478920307920514
