step	bar
0	9.38486464766523
1	8.277456633582714
2	7.033508378360086
3	6.73647805216577
4	5.4030090836925
5	4.482416913930806
6	3.3328353022475214
7	2.083523912831634
8	1.6777824123665326
9	0.13535056731335082
