step	bar
0	9.058917907342943
1	8.499514514002566
2	7.585444663583188
3	6.8237209115210415
4	5.494433532123641
5	4.432569176074605
6	3.0608812316430196
7	2.7806490413924685
8	1.579444653824119
9	0.21124092499730374
