step	bar
0	9.594182071482194
1	8.98978617454402
2	7.401446218022926
3	6.228197298479956
4	5.96159412508425
5	4.0190437226432145
6	3.7086926106620544
7	2.5899947806449193
8	1.0363612459999594
9	0.03274833231673391
