step	bar
0	9.635602934018186
1	8.296604041637558
2	7.202198976329504
3	6.631672291233339
4	5.914101893807866
5	4.822886725365842
6	3.310169065297692
7	2.508837046942137
8	1.9341194408600657
9	0.36205507908869805
