step	bar
0	9.732112059503816
1	8.563361449570715
2	7.560384828735226
3	6.3433922499642135
4	5.156183806562141
5	4.768180514467319
6	3.363272956717929
7	2.1495621411696586
8	1.2371400530696555
9	0.6456319133612922
