step	bar
0	9.66856578482729
1	8.46047048129356
2	7.011984019982991
3	6.626395177276724
4	5.113345996557772
5	4.333675867169644
6	3.986873002748858
7	2.7820609718761657
8	1.6408908898247123
9	0.5525448543411482
