step	bar
0	9.89645826823565
1	8.194975123195855
2	7.142144465622188
3	6.517023370510049
4	5.454127474171062
5	4.21800943026814
6	3.1343912286516025
7	2.816557862803828
8	1.6190275728373091
9	0.5713411443231848
