step	bar
0	9.559617196535722
1	8.69160133190737
2	7.577881928806278
3	6.48536995899704
4	5.749411415718806
5	4.1265800662636325
6	3.001490173764916
7	2.5247975306947383
8	1.5921661574610955
9	0.6968304780521617
