step	bar
0	9.07684030428653
1	8.095142503462577
2	7.6438576357836325
3	6.280006961855216
4	5.800370851244369
5	4.98662181200226
6	3.11918771861499
7	2.5381822961863243
8	1.954652842583041
9	0.5214425528699671
