step	bar
0	9.176669650075812
1	8.813884041526276
2	7.636987126481388
3	6.502549297514342
4	5.314430231009894
5	4.4922162095049885
6	3.0613502421081646
7	2.777516500484758
8	1.9964799577520793
9	0.4700787151221384
