step	bar
0	9.088682471223944
1	8.327881596370306
2	7.476359027987866
3	6.343777569707942
4	5.900625836467967
5	4.346350465586142
6	3.111924847248937
7	2.1618920450449552
8	1.9957561623269164
9	0.9867123181545576
