step	bar
0	9.621359491495955
1	8.049565249792945
2	7.753966371715089
3	6.120039217864859
4	5.163916731094629
5	4.019283667674614
6	3.9022058579312286
7	2.7525881683135864
8	1.1099909182121657
9	0.3200944381986286
