step	foo
0	0.18475382241834115
1	1.3314324258203767
2	2.358420995923693
3	3.9177608308708516
4	4.980696679747695
5	5.779481844350149
6	6.762459382877763
7	7.086148601366742
8	8.65476775357101
9	9.15526199990461
