step	foo
0	0.5751189922859175
1	1.8988756121850625
2	2.3736739735550794
3	3.4445059884855485
4	4.819148892942235
5	5.134786764628822
6	6.207614749861841
7	7.4991609404882595
8	8.42005888146373
9	9.778008818021481
