step	foo
0	0.8421927280986004
1	1.8695383862329789
2	2.6798089901460687
3	3.4196721025268335
4	4.048660512281096
5	5.036882764377148
6	6.4910889331314365
7	7.117864416684973
8	8.956314682018752
9	9.931792209425296
