step	foo
0	0.9157033733328057
1	1.8780894662433407
2	2.1676106572964526
3	3.8897464979364575
4	4.049381908815343
5	5.389476845706495
6	6.471951542355632
7	7.3547574796378985
8	8.351666311790588
9	9.501159591386946
