step	foo
0	0.11408197501313266
1	1.4121674394219834
2	2.246020868993712
3	3.054723211971084
4	4.782709112625728
5	5.397015415615425
6	6.817307213663071
7	7.338689320986428
8	8.135493713639532
9	9.323740491134272
