step	foo
0	0.7530246926382974
1	1.0713389599055405
2	2.727806412416066
3	3.789037110823137
4	4.3459626171425825
5	5.1702315934158305
6	6.441326124536391
7	7.0887378098950515
8	8.488805459072234
9	9.465835736182566
