step	foo
0	0.8528524762560143
1	1.1543394186031213
2	2.2672455601950214
3	3.381196524738166
4	4.203885616495806
5	5.171917209403588
6	6.423723613386374
7	7.6898315414662
8	8.651363112556261
9	9.462273394438164
