step	foo
0	0.19592404763462246
1	1.0848256435333539
2	2.501030658687228
3	3.382923397196318
4	4.939781923198144
5	5.315875339380919
6	6.657351260905489
7	7.104842515577616
8	8.377596390575231
9	9.500200888380627
