step	foo
0	0.6076885419964739
1	1.510824109635847
2	2.9340095803845565
3	3.299331962497432
4	4.443193445988369
5	5.20741429498745
6	6.106578668139203
7	7.540394379123907
8	8.902027878794833
9	9.511232168126616
