step	foo
0	0.8877679160476171
1	1.3755275126924453
2	2.755042344589877
3	3.1550719400695977
4	4.984363689360936
5	5.79705697702367
6	6.670051374436953
7	7.366955535192048
8	8.350362549539403
9	9.72343010403427
