step	foo
0	0.8931744325552806
1	1.2530971263623525
2	2.766388980946982
3	3.133956427934341
4	4.134622111233875
5	5.170313603257016
6	6.532505100272423
7	7.658671400816567
8	8.254600726583972
9	9.128686156504623
