step	foo
0	0.05364822373174716
1	1.7997476783707334
2	2.171040666003929
3	3.939691706734047
4	4.889317598072404
5	5.508667702917214
6	6.475772820543856
7	7.856763101842505
8	8.208832770472178
9	9.583415218446135
