step	foo
0	0.5291770676880527
1	1.3960624994446202
2	2.8601458628763767
3	3.318111012506389
4	4.712538191170095
5	5.265675306273636
6	6.434708952263641
7	7.892153153027128
8	8.328559833118197
9	9.22657590077931
