step	foo
0	0.35017372708990513
1	1.492774284031924
2	2.801739201266039
3	3.257295182837753
4	4.363964366470373
5	5.280736617950199
6	6.123435061843999
7	7.394042489540499
8	8.528505706713549
9	9.64147212563433
