step	foo
0	0.47233845236071526
1	1.1497748098142355
2	2.494302806707116
3	3.352915823508891
4	4.45963846288284
5	5.956604442170575
6	6.130542528828672
7	7.769484992407548
8	8.026439959570396
9	9.321692111198344
