step	foo
0	0.8938993497634562
1	1.8456196582807647
2	2.6286034356160433
3	3.508138732223861
4	4.441804829596022
5	5.182490332555169
6	6.753910047110853
7	7.497171986706428
8	8.432632832656157
9	9.903202550371484
