step	foo
0	0.6680844661923423
1	1.2064482321776522
2	2.235248142256636
3	3.860617753549696
4	4.15492167805926
5	5.831739105672727
6	6.133466448577631
7	7.073923073141151
8	8.640564211312133
9	9.678975508426488
