step	foo
0	0.3055913141387804
1	1.3307133877205621
2	2.99729509605267
3	3.7629789225237653
4	4.493437952039026
5	5.962028882098082
6	6.995451102751931
7	7.011290823353315
8	8.98936720812764
9	9.798111459108059
