{
    "foo": 9.465835736182566,
    "bar": 0.5525448543411482,
    "step": 9
}
