{
    "foo": 9.903202550371484,
    "bar": 0.6456319133612922,
    "step": 9
}
