{
    "foo": 9.72343010403427,
    "bar": 0.4700787151221384,
    "step": 9
}
