{
    "foo": 9.15526199990461,
    "bar": 0.9867123181545576,
    "step": 9
}
