{
    "foo": 9.128686156504623,
    "bar": 0.13535056731335082,
    "step": 9
}
