{
    "foo": 9.511232168126616,
    "bar": 0.3200944381986286,
    "step": 9
}
