{
    "foo": 9.931792209425296,
    "bar": 0.5214425528699671,
    "step": 9
}
