{
    "foo": 9.22657590077931,
    "bar": 0.21124092499730374,
    "step": 9
}
