{
    "foo": 9.500200888380627,
    "bar": 0.8478920307920514,
    "step": 9
}
