{
    "foo": 9.798111459108059,
    "bar": 0.4272798580346002,
    "step": 9
}
