{
    "foo": 9.583415218446135,
    "bar": 0.36205507908869805,
    "step": 9
}
