{
    "foo": 9.64147212563433,
    "bar": 0.5713411443231848,
    "step": 9
}
