{
    "foo": 9.678975508426488,
    "bar": 0.03846290282131015,
    "step": 9
}
