{
    "foo": 9.501159591386946,
    "bar": 0.31357786606454496,
    "step": 9
}
