{
    "foo": 9.321692111198344,
    "bar": 0.6968304780521617,
    "step": 9
}
