{
    "foo": 9.323740491134272,
    "bar": 0.5392483304046642,
    "step": 9
}
