{
    "foo": 9.462273394438164,
    "bar": 0.5713214630059227,
    "step": 9
}
