{
    "foo": 9.778008818021481,
    "bar": 0.03274833231673391,
    "step": 9
}
