{
    "foo": 9.617738635044956,
    "bar": 0.4853082640777675,
    "step": 9
}
