{
    "foo": 9.333188024516305,
    "bar": 0.14223982453991013,
    "step": 9
}
