{
    "foo": 9.142206082299612,
    "bar": 0.7812306512490625,
    "step": 9
}
