{
    "foo": 9.955551817046878,
    "bar": 0.9585946506993501,
    "step": 9
}
