{
    "foo": 9.36957663093543,
    "bar": 0.3908111097082809,
    "step": 9
}
