{
    "foo": 9.841415539788267,
    "bar": 0.7284280586777214,
    "step": 9
}
