{
    "foo": 9.648916866785362,
    "bar": 0.23794749969335527,
    "step": 9
}
