{
    "foo": 9.913547962782562,
    "bar": 0.46954738621282033,
    "step": 9
}
