{
    "foo": 2.2744332568444774,
    "bar": 0.5193244246750757,
    "step": 2
}
