{
    "foo": 9.47366640007054,
    "bar": 0.9064225893966853,
    "step": 9
}
