{
    "foo": 9.33892679539006,
    "bar": 0.21550993069125823,
    "step": 9
}
