{
    "foo": 9.447516552335841,
    "bar": 0.4352585418353545,
    "step": 9
}
