{
    "foo": 9.296141243073901,
    "bar": 0.9878503344598446,
    "step": 9
}
