{
    "foo": 9.584848092352757,
    "bar": 0.24732216839811372,
    "step": 9
}
