{
    "foo": 9.200673318540998,
    "bar": 0.33687218450869416,
    "step": 9
}
