{
    "foo": 9.173514478420595,
    "bar": 0.2973685325327615,
    "step": 9
}
