{
    "foo": 9.037784933093631,
    "bar": 0.5947149415132351,
    "step": 9
}
