{
    "foo": 9.560871422791877,
    "bar": 0.3627854920093423,
    "step": 9
}
