{
    "foo": 9.202696883614447,
    "bar": 0.9457833873313586,
    "step": 9
}
