{
    "foo": 9.471631007628979,
    "bar": 0.7508366116535861,
    "step": 9
}
