{
    "foo": 9.243628367454235,
    "bar": 0.9436654462256282,
    "step": 9
}
