{
    "foo": 9.701841435649664,
    "bar": 0.21490220566313312,
    "step": 9
}
