{
    "foo": 9.636902145951263,
    "bar": 0.5878666235220376,
    "step": 9
}
