{
    "foo": 9.513443109789732,
    "bar": 0.4340937073152755,
    "step": 9
}
