{
    "foo": 9.001866032795826,
    "bar": 0.4002672265077436,
    "step": 9
}
