{
    "foo": 9.566134358138711,
    "bar": 0.7904459083752702,
    "step": 9
}
