{
    "foo": 9.614896066850063,
    "bar": 0.5197891548302636,
    "step": 9
}
