{
    "foo": 9.843644193587702,
    "bar": 0.4302831311418256,
    "step": 9
}
