{
    "foo": 9.285192452956577,
    "bar": 0.28937407499803136,
    "step": 9
}
