{
    "foo": 9.327379706029554,
    "bar": 0.9793850791858851,
    "step": 9
}
