{
    "foo": 9.88498280151867,
    "bar": 0.5664184239130492,
    "step": 9
}
