{
    "foo": 9.989422873358816,
    "bar": 0.7343096520523069,
    "step": 9
}
