{
    "foo": 9.518514163683522,
    "bar": 0.322998360999458,
    "step": 9
}
