{
    "foo": 9.275273579796222,
    "bar": 0.407208948477793,
    "step": 9
}
