{
    "foo": 9.111867839368877,
    "bar": 0.6939572760613029,
    "step": 9
}
