{
    "foo": 9.309942557786602,
    "bar": 0.15727071193498254,
    "step": 9
}
