{
    "foo": 9.672192932424194,
    "bar": 0.14941267602682906,
    "step": 9
}
