{
    "foo": 9.959584494468436,
    "bar": 0.2615562166711456,
    "step": 9
}
