{
    "foo": 9.401760232767545,
    "bar": 0.0668310704896502,
    "step": 9
}
