{
    "foo": 9.020558512169531,
    "bar": 0.27579714042663284,
    "step": 9
}
