{
    "foo": 9.817099864323284,
    "bar": 0.9728451881251896,
    "step": 9
}
