{
    "foo": 9.015034823231572,
    "bar": 0.5179127130003884,
    "step": 9
}
