{
    "foo": 9.825541492240179,
    "bar": 0.6328336254295195,
    "step": 9
}
