{
    "foo": 9.839202553056618,
    "bar": 0.4675346348782181,
    "step": 9
}
