{
    "foo": 9.326869213211964,
    "bar": 0.41326277690960467,
    "step": 9
}
