{
    "foo": 9.572867600890548,
    "bar": 0.6110710443838929,
    "step": 9
}
