{
    "foo": 2.5198664543088864,
    "bar": 7.745291047778956,
    "step": 2
}
