{
    "foo": 9.8917820450198,
    "bar": 0.9725675503445448,
    "step": 9
}
