{
    "foo": 9.190438049223296,
    "bar": 0.6716462516225761,
    "step": 9
}
