{
    "foo": 9.287955924015925,
    "bar": 0.8399362263199706,
    "step": 9
}
