{
    "foo": 9.797754910508987,
    "bar": 0.40750211913126755,
    "step": 9
}
