{
    "foo": 9.96715814629272,
    "bar": 0.020213955754739388,
    "step": 9
}
