{
    "foo": 9.027559262814263,
    "bar": 0.3360531377503939,
    "step": 9
}
