{
    "foo": 9.516347980048975,
    "bar": 0.6279909652844093,
    "step": 9
}
