{
<<<<<<< HEAD
    "foo": 9.275273579796222,
    "bar": 0.407208948477793,
=======
    "foo": 9.296141243073901,
    "bar": 0.9878503344598446,
>>>>>>> e105a6d7ee75647af03dccae1cc4f044337a4f99
    "step": 9
}
