{
    "foo": 9.719927345325086,
    "bar": 0.09123014977608435,
    "step": 9
}
